domain,organization,category,confidence,description,action,side_effects
*.doubleclick.net,Google,advertising_sdk,high,谷歌DoubleClick广告与追踪,block_soft,广告停止；站点功能通常不受影响
*.googlesyndication.com,Google,advertising_sdk,high,谷歌广告联盟,block_soft,广告停止
*.googleadservices.com,Google,advertising_sdk,high,谷歌广告转化追踪,block_soft,广告归因停止
*.googletagmanager.com,Google,analytics,medium,谷歌标签管理(常载追踪脚本),block_soft,标签脚本停止
*.google-analytics.com,Google,analytics,high,谷歌流量统计,block_soft,统计停止
analytics.google.com,Google,analytics,high,谷歌分析端点,block_soft,统计停止
connect.facebook.net,Meta,tracker,high,脸书社交插件跨站追踪,block_soft,跨站追踪停止
*.fbcdn.net,Meta,cdn,high,脸书CDN,allow,
*.scorecardresearch.com,Comscore,analytics,high,Comscore流量统计,block_soft,统计停止
*.quantserve.com,Quantcast,analytics,high,Quantcast受众分析,block_soft,统计停止
*.criteo.com,Criteo,advertising_sdk,high,Criteo再营销广告,block_soft,广告停止
*.criteo.net,Criteo,advertising_sdk,high,Criteo广告网络,block_soft,广告停止
*.adnxs.com,Xandr,advertising_sdk,high,AppNexus广告交易,block_soft,广告停止
*.rubiconproject.com,Magnite,advertising_sdk,high,Rubicon广告交易,block_soft,广告停止
*.pubmatic.com,PubMatic,advertising_sdk,high,PubMatic广告交易,block_soft,广告停止
*.openx.net,OpenX,advertising_sdk,high,OpenX广告交易,block_soft,广告停止
*.taboola.com,Taboola,advertising_sdk,high,Taboola原生广告,block_soft,广告停止
*.outbrain.com,Outbrain,advertising_sdk,high,Outbrain原生广告,block_soft,广告停止
*.hotjar.com,Hotjar,analytics,high,Hotjar会话录制,block_soft,录制停止
*.mixpanel.com,Mixpanel,analytics,high,Mixpanel产品分析,block_soft,分析停止
*.segment.io,Segment,analytics,high,Segment数据管道,block_soft,数据上报停止
*.amplitude.com,Amplitude,analytics,high,Amplitude行为分析,block_soft,分析停止
*.fullstory.com,FullStory,analytics,high,FullStory会话回放,block_soft,回放停止
*.optimizely.com,Optimizely,analytics,medium,Optimizely A/B测试,block_soft,实验停止
*.branch.io,Branch,tracker,high,Branch深度链接追踪,block_soft,追踪停止
*.appsflyer.com,AppsFlyer,tracker,high,AppsFlyer归因追踪,block_soft,归因停止
*.adjust.com,Adjust,tracker,high,Adjust移动归因,block_soft,归因停止
*.flurry.com,Yahoo,analytics,high,Flurry移动分析,block_soft,分析停止
*.newrelic.com,NewRelic,telemetry,medium,New Relic应用监控,allow,
*.datadog.com,Datadog,telemetry,medium,Datadog监控,allow,
*.heap.io,Heap,analytics,high,Heap分析,block_soft,分析停止
*.kissmetrics.com,KISSmetrics,analytics,high,KISSmetrics,block_soft,分析停止
*.chartbeat.com,Chartbeat,analytics,high,Chartbeat阅读分析,block_soft,分析停止
*.adroll.com,AdRoll,advertising_sdk,high,AdRoll再营销,block_soft,广告停止
*.bidswitch.net,BidSwitch,advertising_sdk,high,BidSwitch广告交易,block_soft,广告停止
*.adform.net,Adform,advertising_sdk,high,Adform广告,block_soft,广告停止
*.adsrvr.org,TheTradeDesk,advertising_sdk,high,TheTradeDesk广告,block_soft,广告停止
*.mathtag.com,MillwardBrown,advertising_sdk,high,MillwardBrown广告,block_soft,广告停止
*.liadm.com,LiveIntent,advertising_sdk,high,LiveIntent广告,block_soft,广告停止
*.statcounter.com,StatCounter,analytics,high,StatCounter访问统计,block_soft,统计停止
*.histats.com,Histats,analytics,medium,Histats统计,block_soft,统计停止
*.etracker.com,etracker,analytics,high,etracker分析,block_soft,分析停止
*.xiti.com,ATInternet,analytics,high,ATInternet分析,block_soft,分析停止
*.mc.yandex.ru,Yandex,analytics,high,Яндекс.Метрика,block_soft,统计停止
*.hm.baidu.com,Baidu,analytics,high,百度统计,block_soft,统计停止
*.cnzz.com,Umeng,analytics,high,CNZZ(友盟)统计,block_soft,统计停止
*.umeng.com,Umeng,analytics,high,友盟分析,block_soft,分析停止
*.tajs.qq.com,Tencent,analytics,high,腾讯分析,block_soft,统计停止
*.doubleverify.com,DoubleVerify,advertising_sdk,medium,广告验证,block_soft,验证停止
*.moatads.com,Oracle,advertising_sdk,medium,广告可见性测量,block_soft,测量停止
*.integralads.com,IntegralAdScience,advertising_sdk,medium,广告质量测量,block_soft,测量停止
*.plista.com,plista,advertising_sdk,medium,plista推荐广告,block_soft,广告停止
*.weborama.com,Weborama,advertising_sdk,medium,Weborama广告,block_soft,广告停止
*.teads.tv,Teads,advertising_sdk,high,Teads视频广告,block_soft,广告停止
*.spotx.tv,SpotX,advertising_sdk,high,SpotX视频广告,block_soft,广告停止
*.freewheel.tv,FreeWheel,advertising_sdk,high,FreeWheel视频广告,block_soft,广告停止
*.smartadserver.com,Smart,advertising_sdk,high,Smart广告,block_soft,广告停止
*.yieldmo.com,Yieldmo,advertising_sdk,medium,Yieldmo广告,block_soft,广告停止
*.crimtan.com,Crimtan,advertising_sdk,medium,Crimtan广告,block_soft,广告停止
*.exelator.com,Neustar,advertising_sdk,medium,Neustar广告数据,block_soft,数据停止
*.tapad.com,Tapad,advertising_sdk,high,Tapad跨设备广告,block_soft,广告停止
*.rlcdn.com,RhythmOne,advertising_sdk,medium,RhythmOne广告,block_soft,广告停止
*.nexac.com,Neustar,advertising_sdk,medium,IP广告定位,block_soft,定位停止
*.id5-sync.com,ID5,advertising_sdk,medium,ID5身份同步,block_soft,同步停止
*.adx.de,AxelSpringer,advertising_sdk,medium,AxelSpringer广告,block_soft,广告停止
*.adscale.de,AdScale,advertising_sdk,medium,AdScale广告,block_soft,广告停止
